{"mean":{"confidence_interval":{"confidence_level":0.95,"lower_bound":119388.39273874526,"upper_bound":119681.9208891545},"point_estimate":119524.1842570527,"standard_error":75.12651646984611},"median":{"confidence_interval":{"confidence_level":0.95,"lower_bound":119290.2683438155,"upper_bound":119524.3448275862},"point_estimate":119401.4799373842,"standard_error":59.67761831113032},"median_abs_dev":{"confidence_interval":{"confidence_level":0.95,"lower_bound":392.25248173982766,"upper_bound":635.5313223986216},"point_estimate":499.42161999823117,"standard_error":62.39484113919258},"slope":{"confidence_interval":{"confidence_level":0.95,"lower_bound":119208.16716257985,"upper_bound":119378.9168563014},"point_estimate":119290.32621381541,"standard_error":43.71319253361167},"std_dev":{"confidence_interval":{"confidence_level":0.95,"lower_bound":491.241209754652,"upper_bound":1044.5399229823067},"point_estimate":753.732175815229,"standard_error":156.83703425804563}}