{"mean":{"confidence_interval":{"confidence_level":0.95,"lower_bound":54131632.7605,"upper_bound":54775060.34275},"point_estimate":54453053.28,"standard_error":164084.69947542355},"median":{"confidence_interval":{"confidence_level":0.95,"lower_bound":53797981.237500004,"upper_bound":54931917.0},"point_estimate":54183312.0,"standard_error":320310.406509121},"median_abs_dev":{"confidence_interval":{"confidence_level":0.95,"lower_bound":1390184.3282192945,"upper_bound":2318169.5972442627},"point_estimate":1639292.2583967447,"standard_error":240491.30982681012},"slope":null,"std_dev":{"confidence_interval":{"confidence_level":0.95,"lower_bound":1444753.563719747,"upper_bound":1843975.0894114287},"point_estimate":1648638.7357365813,"standard_error":102097.68800732226}}