{"mean":{"confidence_interval":{"confidence_level":0.95,"lower_bound":10675165.506799996,"upper_bound":10779079.1671},"point_estimate":10733771.168,"standard_error":26600.995783269685},"median":{"confidence_interval":{"confidence_level":0.95,"lower_bound":10709833.4,"upper_bound":10806783.3},"point_estimate":10757079.2,"standard_error":27861.86859346654},"median_abs_dev":{"confidence_interval":{"confidence_level":0.95,"lower_bound":134156.7651182413,"upper_bound":209732.4544495046},"point_estimate":174310.6132453672,"standard_error":19229.167885312025},"slope":null,"std_dev":{"confidence_interval":{"confidence_level":0.95,"lower_bound":142868.41873356764,"upper_bound":408246.43692495185},"point_estimate":268201.7418446751,"standard_error":84698.8605041008}}