{"mean":{"confidence_interval":{"confidence_level":0.95,"lower_bound":0.27708904237166476,"upper_bound":0.3281651831509572},"point_estimate":0.30029397775444,"standard_error":0.013543994978293545},"median":{"confidence_interval":{"confidence_level":0.95,"lower_bound":0.2567724650930343,"upper_bound":0.2680429672431251},"point_estimate":0.260287655762631,"standard_error":0.002982083291985401}}