{"mean":{"confidence_interval":{"confidence_level":0.95,"lower_bound":126509.13311102807,"upper_bound":132836.56590367976},"point_estimate":129200.35356387927,"standard_error":1637.2701708073573},"median":{"confidence_interval":{"confidence_level":0.95,"lower_bound":123753.13541666666,"upper_bound":125153.103125},"point_estimate":124191.58472777222,"standard_error":353.82592386538},"median_abs_dev":{"confidence_interval":{"confidence_level":0.95,"lower_bound":1276.584764836104,"upper_bound":3862.4568335553395},"point_estimate":2150.5691128179537,"standard_error":656.8565854978933},"slope":{"confidence_interval":{"confidence_level":0.95,"lower_bound":127358.1226579678,"upper_bound":141110.98107112525},"point_estimate":132957.0684982267,"standard_error":3631.511735823403},"std_dev":{"confidence_interval":{"confidence_level":0.95,"lower_bound":5202.1064306629,"upper_bound":25067.408537768322},"point_estimate":16405.46602432262,"standard_error":5351.8686203093375}}