{"mean":{"confidence_interval":{"confidence_level":0.95,"lower_bound":0.36625295983518596,"upper_bound":0.4313891985660243},"point_estimate":0.39464980790331006,"standard_error":0.017029847546215653},"median":{"confidence_interval":{"confidence_level":0.95,"lower_bound":0.33771773207832867,"upper_bound":0.3531602882255309},"point_estimate":0.34262592058182406,"standard_error":0.0036851844026438447}}