{"mean":{"confidence_interval":{"confidence_level":0.95,"lower_bound":0.29414296361302833,"upper_bound":0.36727026183925193},"point_estimate":0.3253595008453558,"standard_error":0.018549947458307552},"median":{"confidence_interval":{"confidence_level":0.95,"lower_bound":0.30094132814040364,"upper_bound":0.3071784402719535},"point_estimate":0.3042229870144404,"standard_error":0.0016158699462441202}}