{"mean":{"confidence_interval":{"confidence_level":0.95,"lower_bound":28868890.826625,"upper_bound":29614478.086249996},"point_estimate":29176010.645,"standard_error":193521.13292489393},"median":{"confidence_interval":{"confidence_level":0.95,"lower_bound":28977729.0,"upper_bound":29228312.5},"point_estimate":29139281.25,"standard_error":59599.526613817055},"median_abs_dev":{"confidence_interval":{"confidence_level":0.95,"lower_bound":366835.6343373656,"upper_bound":603078.6738932133},"point_estimate":488007.047586143,"standard_error":59753.920999893046},"slope":null,"std_dev":{"confidence_interval":{"confidence_level":0.95,"lower_bound":578388.2902375755,"upper_bound":3175901.860719429},"point_estimate":1939402.2234528442,"standard_error":798876.0952110023}}